W;S;OT;WT;G;LM;OM3
2;8618;90;122,5;0;0;0
2;8618;40;152,2222222;0;0;0
2;8618;163,5;237,125;0;0;0
2;8618;32;122,2222222;0;0;0
2;8618;2657,44;595,5555556;0;0;0
2;8618;822;1060,5;0;0;0
2;8618;3009,04;2511,111111;0;0;0
2;8618;3195;367,85;0;0;0
2;8618;583,2;1672,222222;0;0;0
2;8618;526,4;6053,333333;6830;4683,333333;689,0625
2;8618;1455;6030,5;10934,66667;8716,8;722
2;8618;46,4;154,4444444;0;0;0
2;8618;340,8;113,1375;0;0;0
2;8618;100,5;121,625;794,6666667;237,6;50
2;8618;45;181,125;329,3333333;278,4;24
2;8618;68,8;462,2222222;810;386,6666667;90
2;8618;70,5;539;496;724,8;34,66666667
2;8618;29,6;163,3333333;378,75;145;39,375
2;8618;120;333,375;888;517,2;59,33333333
2;8618;0;191,1111111;0;128,3333333;0
2;8618;105;727,125;786,6666667;987,6;52
2;8618;292,64;67,88888889;0;0;0
2;8618;360,45;142,3625;0;0;0
2;8618;103,2;85,66666667;0;0;0
2;8618;58,5;97,125;0;0;0
2;8618;102;160,125;0;0;0
2;8618;44,32;40,33333333;0;0;0
2;8618;256,05;17,9375;0;0;0
2;8618;102,16;78,66666667;0;0;0
2;8618;204,45;82,775;0;0;0
2;8618;190,8;147,8888889;0;0;0
2;8618;73,5;107,625;0;0;0
2;8618;64;190;0;0;0
2;8618;573,15;64,6625;0;0;0
2;8618;88,8;13;0;0;0
2;8618;417,15;40,95;0;0;0
2;8618;241,68;193,8888889;0;0;0
2;8618;100,48;73,77777778;0;0;0
2;8618;76,05;22,6625;0;0;0
2;8618;29,6;142,2222222;0;0;0
2;8618;36;37,625;0;0;0
2;8618;432,8;1334,444444;0;0;0
2;8618;1039,5;1864,625;0;0;0
2;8618;437,6;1513,333333;0;0;0
2;8618;468;1508,888889;0;0;0
2;8618;955,5;2016,875;7558,666667;3298,8;472,6666667
2;8618;514,4;5274,444444;6320;4119,166667;675
2;8618;2265,15;868,875;0;0;0
2;8618;1228,72;984;0;0;0
2;8618;628,5;1515,5;4384;2398,8;311,3333333
2;8618;23,2;161,1111111;287,5;133,3333333;30
2;8618;72;119,875;500;210;36
2;8618;19,2;128,8888889;227,5;107,5;25,3125
2;8618;144;265,125;1006,666667;451,2;71,33333333
2;8618;52;414,4444444;622,5;335;67,5
2;8618;87;329,875;670,6666667;478,8;43,33333333
2;8618;36,8;872,2222222;502,5;630;48,75
2;8618;448,95;144,2;0;0;0
2;8618;100,72;18,66666667;0;0;0
2;8618;199,5;100,5375;0;0;0
2;8618;102,56;98,77777778;0;0;0
2;8618;321,75;109,2875;0;0;0
2;8618;28,8;87,77777778;0;0;0
2;8618;48;110,25;0;0;0
2;8618;34,4;138,8888889;0;0;0
2;8618;108;145,25;0;0;0
2;8618;65,6;1,111111111;0;0;0
2;8618;516;28,4375;0;0;0
2;8618;58,8;12,22222222;0;0;0
2;8618;234,9;77,4375;0;0;0
2;8618;42,4;194,4444444;0;0;0
2;8618;51;78,75;0;0;0
2;8618;57,6;375,5555556;713,75;315,8333333;75
2;8618;105;266,875;777,3333333;417,6;52
2;8618;67,2;430;836,25;363,3333333;88,125
2;8618;123;330,75;929,3333333;517,2;61,33333333
2;8618;84,8;463,3333333;1071,25;410;110,625
2;8618;694,65;0,7875;0;0;0
2;8618;266,56;129,7777778;0;0;0
2;8618;114,9;38,0625;0;0;0
2;8618;97,68;80,22222222;0;0;0
2;8618;97,5;307,125;668;459,6;48
2;8618;61,6;375,5555556;761,25;320;79,6875
2;8618;105;368,375;748;547,2;52
2;8618;76,8;685,5555556;1035;550,8333333;100,3125
2;8618;620,1;48,7375;0;0;0
2;8618;255,68;303,5555556;0;0;0
2;8618;379,5;115,675;0;0;0
2;8618;105,04;112,5555556;0;0;0
2;8618;78;91,875;0;0;0
2;8618;21,6;74,44444444;0;0;0
2;8618;243,9;29,4875;0;0;0
2;8618;46,56;40,55555556;0;0;0
2;8618;90;141,75;0;0;0
2;8618;40,8;147,7777778;0;0;0
2;8618;57;91;0;0;0
2;8618;131,76;26,11111111;0;0;0
2;8618;282,96;218,7777778;0;0;0
2;8618;414,75;133,9625;0;0;0
2;8618;93,68;71;0;0;0
2;8618;60;137,375;0;0;0
2;8618;28,8;110;0;0;0
2;8618;100,5;91;0;0;0
2;8618;197,52;184,8888889;0;0;0
2;8618;420,15;118,3875;0;0;0
2;8618;45,6;137,7777778;0;0;0
2;8618;1342,5;26,5125;0;0;0
2;8618;67,44;11,11111111;0;0;0
2;8618;203,1;83,3875;0;0;0
2;8618;48,8;111,1111111;0;0;0
2;8618;888;1302,875;0;0;0
2;8618;1012,5;1620,5;0;0;0
2;8618;1,5;416,5;1,333333333;513,6;0,666666667
2;8618;35,2;128,8888889;0;0;0
2;8618;72;92,75;0;0;0
2;8618;57,6;352,2222222;700;300;75
2;8618;133,5;290,5;922,6666667;472,8;66,66666667
2;8618;52;257,7777778;631,25;230,8333333;67,5
2;8618;112,5;321,125;801,3333333;490,8;56
2;8618;48,8;476,6666667;600;373,3333333;63,75
2;8618;81;375,375;585,3333333;528;40
2;8618;3,2;535,5555556;43,75;364,1666667;4,6875
2;8618;0;164,5;0;202,8;0
2;8618;57,6;881,1111111;748,75;659,1666667;75
2;8618;148,5;534,625;1108;790,8;74
2;8618;534,72;3,777777778;0;0;0
2;8618;293,25;43,75;0;0;0
2;8618;111,68;86,22222222;0;0;0
2;8618;93;157,5;0;0;0
2;8618;60;253,3333333;0;0;0
2;8618;81,6;69,11111111;0;0;0
2;8618;184,65;58,275;0;0;0
2;8618;40,8;172,2222222;0;0;0
2;8618;72;84;0;0;0
2;8618;67,2;154,4444444;0;0;0
2;8618;84;96,25;0;0;0
2;8618;13,92;15,44444444;0;0;0
2;8618;138;123,375;0;0;0
2;8618;359,28;50,66666667;0;0;0
2;8618;599,1;58,275;0;0;0
2;8618;239,92;37,11111111;0;0;0
2;8618;154,8;42,2625;0;0;0
2;8618;20;80;0;0;0
2;8618;66;147,875;522,6666667;238,8;32,66666667
2;8618;80,8;563,3333333;1026,25;468,3333333;105,9375
2;8618;69;221,375;496;330;34
2;8618;49,6;411,1111111;621,25;330,8333333;64,6875
2;8618;73,5;391,125;533,3333333;541,2;36,66666667
2;8618;37,6;322,2222222;458,75;257,5;48,75
2;8618;202,5;405,125;1438,666667;673,2;100,6666667
2;8618;20,8;285,5555556;266,25;229,1666667;29,0625
2;8618;66;399;441,3333333;543,6;32,66666667
2;8618;34,4;815,5555556;450;588,3333333;45
2;8618;757,65;27,475;0;0;0
2;8618;42,4;152,2222222;0;0;0
2;8618;70,5;70,875;0;0;0
2;8618;12;68,88888889;0;0;0
2;8618;381,9;118,0375;0;0;0
2;8618;39,52;46,88888889;0;0;0
2;8618;91,5;169,75;0;0;0
2;8618;46,4;250;0;0;0
2;8618;220,2;65,625;0;0;0
2;8618;45,6;195,5555556;0;0;0
2;8618;69;85,75;0;0;0
2;8618;65,6;73,33333333;0;0;0
2;8618;72;99,75;0;0;0
2;8618;28;135,5555556;0;0;0
2;8618;70,5;166,25;557,3333333;264;34,66666667
2;8618;48,8;324,4444444;610;271,6666667;63,75
2;8618;94,5;281,75;674,6666667;426;46,66666667
2;8618;65,6;468,8888889;818,75;386,6666667;85,3125
2;8618;109,5;347,375;740;520,8;54,66666667
2;8618;14,4;301,1111111;185;219,1666667;18,75
2;8618;0;193,375;0;237,6;0
2;8618;0,8;115,5555556;1,25;78,33333333;0,9375
2;8618;1462,8;34,3875;0;0;0
2;8618;72;265,5555556;0;0;0
2;8618;39;63,875;0;0;0
2;8618;32,8;108,8888889;0;0;0
2;8618;69;98,875;0;0;0
2;8618;47,2;105,5555556;0;0;0
2;8618;417,3;131,8625;0;0;0
2;8618;23,2;191,1111111;0;0;0
2;8618;67,5;148,75;0;0;0
2;8618;37,6;201,1111111;0;0;0
2;8618;1121,25;6,65;0;0;0
2;8618;106,96;86,88888889;0;0;0
2;8618;122,85;39,9875;0;0;0
2;8618;112,24;86,44444444;0;0;0
2;8618;215,7;88,55;0;0;0
2;8618;38,4;120;0;0;0
2;8618;79,5;98,875;0;0;0
2;8618;29,6;125,5555556;0;0;0
2;8618;1473;3356,5;10265,33333;5389,2;730,6666667
2;8618;620,8;4867,777778;7772,5;3952,5;810,9375
2;8618;846;1310,75;0;0;0
2;8618;1754,25;328,3;0;0;0
2;8618;304,5;2554,125;2297,333333;3409,2;150
2;8618;1985,84;1620,555556;0;0;0
2;8618;1104;3694,25;7873,333333;5508;550
2;8618;1299,6;1038,333333;0;0;0
2;8618;5591,2;609,4444444;0;0;0
2;8618;6785,4;29,1375;0;0;0
2;8618;340;5416,666667;4472,5;4036,666667;444,375
2;8618;1291,5;4210,5;9122,666667;6261,6;639,3333333
2;8618;54;164,5;426,6666667;247,2;26,66666667
2;8618;67,2;327,7777778;828,75;295,8333333;88,125
2;8618;132;511;974,6666667;745,2;65,33333333
2;8618;56,8;683,3333333;771,25;525,8333333;74,0625
2;8618;52;796,6666667;696,25;595,8333333;67,5
2;8618;192,15;60,2875;0;0;0
2;8618;21,6;83,33333333;0;0;0
2;8618;66;142,625;522,6666667;231,6;32,66666667
2;8618;34,4;205,5555556;428,75;176,6666667;45
2;8618;150;288,75;1049,333333;484,8;74,66666667
2;8618;63,2;417,7777778;771,25;350,8333333;83,4375
2;8618;84;418,25;624;582;41,33333333
2;8618;38,4;351,1111111;466,25;278,3333333;50,625
2;8618;4,5;287,875;30,66666667;357,6;2
2;8618;52;726,6666667;678,75;549,1666667;68,4375
2;8618;36;216,125;277,3333333;296,4;17,33333333
2;8618;191,28;133,7777778;0;0;0
2;8618;102,75;10,4125;0;0;0
2;8618;194,32;31,88888889;0;0;0
2;8618;340,5;44,1;0;0;0
2;8618;88;628,8888889;1168,75;525;115,3125
2;8618;87;296,625;648;442,8;43,33333333
2;8618;0;136,6666667;0;91,66666667;0
2;8618;525,6;6,666666667;0;0;0
2;8618;898,65;44,0125;0;0;0
2;8618;410,24;74,44444444;0;0;0
2;8618;236,4;80,2375;0;0;0
2;8618;15,36;17;0;0;0
2;8618;114;152,25;0;0;0
2;8618;42,4;180;0;0;0
2;8618;78;172,375;0;0;0
2;8618;34,4;126,6666667;0;0;0
2;8618;765,15;21,875;0;0;0
2;8618;57,6;181,1111111;0;0;0
2;8618;4,5;4,375;0;0;0
2;8618;44;146,6666667;0;0;0
2;8618;79,5;122,5;0;0;0
2;8618;47,2;138,8888889;0;0;0
2;8618;60;136,5;428;218,4;29,33333333
2;8618;63,2;394,4444444;760;335,8333333;83,4375
2;8618;135;399,875;945,3333333;604,8;66,66666667
2;8618;59,2;372,2222222;720;315;76,875
2;8618;44,8;186,6666667;540;176,6666667;59,0625
2;8618;66;378,875;466,6666667;518,4;32,66666667
2;8618;40;493,3333333;523,75;374,1666667;52,5
2;8618;84;278,25;606,6666667;417,6;42
2;8618;29,6;576,6666667;365;417,5;39,375
2;8618;106,5;483,875;786,6666667;690;52,66666667
2;8618;0;418,8888889;0;281,6666667;0
2;8618;117;573,125;886,6666667;808,8;58
2;8618;207,84;69,55555556;0;0;0
2;8618;276,45;28,4375;0;0;0
2;8618;44,32;112,5555556;0;0;0
2;8618;270,45;24,85;0;0;0
2;8618;29,6;101,1111111;0;0;0
2;8618;72;97,125;0;0;0
2;8618;208,96;193,1111111;0;0;0
2;8618;905,1;2,3625;0;0;0
2;8618;402,64;88;0;0;0
2;8618;136,5;133;0;0;0
2;8618;357,76;75,66666667;0;0;0
2;8618;31,5;52,5;0;0;0
2;8618;36;128,8888889;0;0;0
2;8618;69;133;0;0;0
2;8618;29,6;111,1111111;0;0;0
2;8618;76,5;159,25;605,3333333;261,6;38
2;8618;80;561,1111111;988,75;465;104,0625
2;8618;3;209,125;24;259,2;1,333333333
2;8618;68,8;628,8888889;886,25;502,5;90
2;8618;267,45;73,15;0;0;0
2;8618;1,6;3,333333333;0;0;0
2;8618;87;139,125;0;0;0
2;8618;46,5;460,25;352;607,2;23,33333333
2;8618;9,6;160;125;118,3333333;12,1875
2;8618;360,75;50,225;0;0;0
2;8618;297,28;254,4444444;0;0;0
2;8618;149,1;56,6125;0;0;0
2;8618;88,32;72,55555556;0;0;0
2;8618;153;228,375;0;0;0
2;8618;41,6;124,4444444;0;0;0
2;8618;114;126;0;0;0
2;8618;260,8;74,22222222;0;0;0
2;8618;120,45;6,125;0;0;0
2;8618;222,4;208,2222222;0;0;0
2;8618;76,5;70;0;0;0
2;8618;36,8;173,3333333;0;0;0
2;8618;13,6;100;188,75;82,5;17,8125
2;8618;57;137,375;450,6666667;217,2;28
2;8618;26,4;137,7777778;318,75;122,5;34,6875
2;8618;87;256,375;605,3333333;387,6;42,66666667
2;8618;45,6;382,2222222;577,5;306,6666667;60
2;8618;90;345,625;629,3333333;500,4;44,66666667
2;8618;30,4;397,7777778;385;302,5;39,375
2;8618;76,5;423,5;516;583,2;38
2;8618;84,8;685,5555556;1122,5;560,8333333;111,5625
2;8618;102;476;784;676,8;50,66666667
2;8618;141;485,625;1056;723,6;70
2;8618;0;195,5555556;0;130,8333333;0
2;8618;0;132,125;0;163,2;0
2;8618;89,4;17,675;0;0;0
2;8618;75,36;58,66666667;0;0;0
2;8618;181,2;62,0375;0;0;0
2;8618;80;173,3333333;0;0;0
2;8618;81;112,875;0;0;0
2;8618;49,6;156,6666667;0;0;0
2;8618;225,45;128,8;0;0;0
2;8618;40;188,8888889;0;0;0
2;8618;271,2;48,5625;0;0;0
2;8618;138,64;55,33333333;0;0;0
2;8618;535,35;186,4625;0;0;0
2;8618;23,2;87,77777778;0;0;0
2;8618;52,5;98,875;0;0;0
2;8618;66;104,125;522,6666667;184,8;32,66666667
2;8618;33,6;200;426,25;170,8333333;43,125
2;8618;30;117,25;201,3333333;169,2;14,66666667
2;8618;18,4;120;225;101,6666667;24,375
2;8618;40,5;111,125;273,3333333;170,4;20
2;8618;63,2;395,5555556;787,5;335,8333333;82,5
2;8618;114;287,875;765,3333333;450;56
2;8618;47,2;392,2222222;585;315;61,875
2;8618;42;278,25;300;374,4;20,66666667
2;8618;42,4;394,4444444;528,75;311,6666667;55,3125
2;8618;141;618,625;1057,333333;886,8;70
2;8618;321,68;73,77777778;0;0;0
2;8618;437,85;24,7625;0;0;0
2;8618;7,92;2,888888889;0;0;0
2;8618;85,5;180,25;0;0;0
2;8618;151,28;114,5555556;0;0;0
2;8618;227,85;79,3625;0;0;0
2;8618;2,4;6,666666667;0;0;0
2;8618;314,55;105,35;0;0;0
2;8618;34,4;0;0;0;0
2;8618;55,5;69,125;0;0;0
2;8618;26,4;155,5555556;0;0;0
2;8618;99;145,25;0;0;0
2;8618;51,2;122,2222222;0;0;0
2;8618;93;118,125;0;0;0
2;8618;852,96;9,666666667;0;0;0
2;8618;129,3;13,825;0;0;0
2;8618;49,76;13,77777778;0;0;0
2;8618;80,85;23,5375;0;0;0
2;8618;207,68;205,3333333;0;0;0
2;8618;37,5;63,875;0;0;0
2;8618;51;133;364;206,4;25,33333333
2;8618;68,8;343,3333333;843,75;308,3333333;90
2;8618;99;340,375;710,6666667;501,6;49,33333333
2;8618;72;690;947,5;547,5;93,75
2;8618;202,5;653,625;1482,666667;985,2;100,6666667
2;8618;22,12933333;319,4333333;0;240,5637862;28,91060479
2;8618;120,809375;565,6091146;0;803,4336028;59,85847888
2;8618;65,5099;936,2161111;0;705,8170064;85,58463106
2;8618;68,1666126;567,2684198;0;460,7310963;89,05546169
2;8618;118,26;415,38;0;616,3809889;58,59531773
2;8618;85,03;601,425;0;503,289461;111,0864339
2;8618;80,86845775;429,2981479;0;600,1519567;40,06860287
2;8618;50,02866667;612,8718056;0;470,3428159;65,35935758
2;8618;148,893;420,573125;0;650,0888342;73,77331847
2;8618;58,5537;549,5695833;0;437,6627823;76,49678616
2;8618;140,3225;444,50875;0;671,8854917;69,52681779
2;8618;74,7384;448,2140741;0;388,2813722;97,64109532
2;8618;186,25275;427,5672188;0;692,0111676;92,28428094
2;8618;62,4464;1023,551111;0;761,0049459;81,58235786
2;8618;0,18575;155,3256979;0;191,2132866;0,092035179
2;8618;0,0744;109,6366667;0;73,83303588;0,097198997
2;8618;170,376;879,7455556;0;789,6110578;222,5857023
2;8618;107,26;746,5144444;0;626,6984751;140,1285535
2;8618;268,677;538,21425;0;901,6159263;133,1237458
2;8618;64,0456;575,3307407;0;461,3685395;83,67161371
2;8618;163,4376875;439,3389583;0;686,1422992;80,97990214
2;8618;48,944;448;0;358,1828983;63,94230769
2;8618;66,55625864;503,0662173;0;415,6756892;86,95163389
2;8618;105,5484392;316,1584442;0;483,0034271;52,29700936
2;8618;80,19129048;525,741003;0;446,7618543;104,7649593
2;8618;57,48875;234,07125;0;339,1751569;28,48445435
2;8618;75,20386667;603,0311111;0;492,958929;98,24919872
2;8618;160,4575;425,0152813;0;665,8665364;79,50328255
2;8618;37,04773333;539,0103704;0;405,5857595;48,40057135
2;8618;137,466;401,555;0;616,5056016;68,11148272
2;8618;60,4872;963,48;0;718,3231924;79,02278428
2;8618;0,185;147,2522917;0;181,2824832;0,09166357
2;8618;6,55875;442,7259375;0;550,3938929;3,249721293
2;8618;71,424;921,9744444;0;703,1053262;93,31103679
2;8618;193,9569375;305,8468438;0;549,1685158;96,10154218
2;8618;60,3925;920,7236111;0;689,4533165;78,89906459
2;8618;191,1284375;659,2002083;0;981,2637324;94,70008052
2;8618;96,696;838;0;675,9680999;126,3273411
2;8618;79,0376;535,9555556;0;452,2928738;103,2577341
2;8618;178,5446236;527,9757067;0;808,6370949;88,46506804
2;8618;89,2056;547,0466667;0;471,5611405;116,541597
2;8618;161,34525;445,2715313;0;691,5730849;79,94314381
2;8618;50,7693;563,3506481;0;437,8927017;66,32694921
2;8618;58,5;175,875;462,6666667;265,2;28,66666667
2;8618;0;108,8888889;0;73,33333333;0
2;8618;1385,7;29,225;0;0;0
2;8618;41,6;148,8888889;578,75;147,5;54,375
2;8618;237;501,375;1874,666667;819,6;117,3333333
2;8618;85,6;381,1111111;1067,5;353,3333333;112,5
2;8618;90;312,375;648;459,6;44,66666667
2;8618;71,2;466,6666667;870;392,5;92,8125
2;8618;67,5;242,375;498,6666667;358,8;34
2;8618;32,8;395,5555556;416,25;304,1666667;43,125
2;8618;93;581,875;700;798;46
2;8618;34,4;830;457,5;597,5;44,0625
2;8618;154,4;3,333333333;0;0;0
2;8618;537,15;51,45;0;0;0
2;8618;102,16;71,55555556;0;0;0
2;8618;78;122,5;0;0;0
2;8618;35,2;190;0;0;0
2;8618;99;147;0;0;0
2;8618;132,8;120;0;0;0
2;8618;42;60,375;0;0;0
2;8618;31,2;107,7777778;0;0;0
2;8618;165,2075625;600,1124063;0;885,4690341;81,85683761
2;8618;52,688;944,6990741;0;696,6332406;68,83361204
2;8618;118,98;762,53625;0;1044,018645;58,95206243
2;8618;0,122833333;217,7220833;0;146,5924755;0,16047415
2;8618;1,372;23,65222222;0;17,50284039;1,79243311
2;8618;174,77875;682,1682292;0;994,9322955;86,59915769
2;8618;32,0712;681,2633333;0;495,4924687;41,89903846
2;8618;281,33875;51,8;0;314,6282776;139,397374
2;8618;62,05136667;930,1136111;0;697,6958659;81,06627125
2;8618;168,2835;677,41975;0;983,2988923;83,38089929
2;8618;65,58833404;523,386001;0;428,2196753;85,68710029
2;8618;107,601;380,699375;0;564,2181322;53,31400966
2;8618;31,36143333;603,3721296;0;442,2750457;40,97177223
2;8618;74,778;869,0611111;0;671,4083255;97,69283027
2;8618;77,996;538,0566667;0;452,4965897;101,8969482
2;8618;177,87525;691,8845938;0;1009,644887;88,13340766
2;8618;120,8908125;405,8082656;0;606,9542607;59,89882943
2;8618;5,535;373,98375;0;464,92928;2,742474916
2;8618;16,86186667;353,9304167;0;257,6511074;22,02898551
2;8618;223,851;688,785125;0;1046,836614;110,9134151
2;8618;45,88879487;346,7871675;0;286,5545742;59,95087122
2;8618;111,7395;431,043375;0;629,8312546;55,36454849
2;8618;59,768;710,7611111;0;547,497717;78,08319398
2;8618;85,365;433,62375;0;609,4826582;42,29654404
2;8618;42,4824;562,8566667;0;427,9370298;55,50062709
2;8618;71,548;912,8122222;0;697,0863949;93,47303512
2;8618;0,126;103,8065;0;127,7923746;0,062430323
2;8618;0,118666667;220,1266667;0;148,2050696;0,155030658
2;8618;0,0164;26,02361111;0;17,52371612;0,021425585
2;8618;119,226;484,859375;0;702,7008234;59,0739502
2;8618;78,3184;558,5511111;0;466,6564866;102,3181438
2;8618;77,94843642;283,7415325;0;418,5158617;38,62179433
2;8618;69,8495;605,8305556;0;488,6240534;91,25404996
2;8618;76,54;175,7379167;0;284,4173593;37,92394401
2;8618;124,1716667;870,3800926;0;729,6553277;162,2225996
2;8618;0,58175;387,6729792;0;477,3491545;0,288244767
2;8618;10,1303;174,56625;0;129,1853423;13,23461016
2;8618;52,9788;1024,234815;0;750,4703175;69,21352425
2;8618;135,6017438;345,1943195;0;545,520389;67,18778335
2;8618;28,65416699;445,9910351;0;333,2694331;37,43489625
2;8618;52,15;305,6783333;0;422,4890662;25,83921714
2;8618;97,89173333;475,8962963;0;433,7891655;127,8894928
2;8618;92,156625;508,5045729;0;707,6418219;45,66164994
2;8618;0,0448;113,5866667;0;76,45561271;0,058528428
2;8618;1978,281375;7406,26363;0;10873,91544;980,1963954
2;8618;449,2926875;2947,765151;0;4026,401452;222,614982
2;8618;811,9660667;6422,920463;0;5263,268689;1060,783427
2;8618;0,5345;426,8471667;0;525,4905118;0,264833395
2;8618;855,2471333;7522,678611;0;6053,277688;1117,327463
2;8618;671,450125;4656,50624;0;6326,253875;332,6892729
2;8618;832,2757011;6438,9973;0;5297,667844;1087,316708
2;8618;0,0164;26,02361111;0;17,52371612;0,021425585
2;8618;567,8905301;4188,786465;0;3477,048341;741,9138406
2;8618;1253,614375;5182,393089;0;7492,294626;621,1392915
2;8618;49,68;7,555555556;0;0;0
2;8618;557,55;215,25;0;0;0
2;8618;136,64;108,1111111;0;0;0
2;8618;63;93,625;0;0;0
2;8618;36,8;104,4444444;0;0;0
2;8618;46,5;161,875;0;0;0
2;8618;37,6;132,2222222;0;0;0
2;8618;75;85,75;0;0;0
2;8618;43,1024;981,0122222;0;709,9275754;56,31061873
2;8618;168,0596875;643,2188802;0;941,0328699;83,27000495
3;8617;961,5;7864,5;0;0;0
3;8617;288,8;15455,55556;0;0;0
3;8617;184,5;6544,125;0;0;0
3;8617;484;13441,11111;0;0;0
3;8617;519,45;12829,8625;0;0;0
3;8617;568;15050;0;0;0
3;8617;392,25;3584,175;0;0;0
3;8617;407,68;14102,55556;0;0;0
3;8617;950,55;10968,475;0;0;0
3;8617;345,04;15713,44444;0;0;0
3;8617;1573,5;10854,55;0;0;0
3;8617;370,88;16058;0;0;0
3;8617;2278,5;9142,875;0;0;0
3;8617;1329;9404,5;0;0;0
3;8617;557,6;13615,55556;0;0;0
3;8617;787,5;10648,75;0;0;0
3;8617;652,08;461,2222222;0;0;0
3;8617;832,5;15022;0;0;0
3;8617;913,6;4586,111111;0;0;0
3;8617;667,05;12035,275;0;0;0
3;8617;432,4;10515,88889;0;0;0
3;8617;1189,8;11954,5125;0;0;0
3;8617;540,96;19343,77778;0;0;0
3;8617;699,75;10974,075;0;0;0
3;8617;609,6;11946,66667;0;0;0
3;8617;486;14015,75;0;0;0
3;8617;414,4;15523,33333;0;0;0
3;8617;1596,9;3302,8625;0;0;0
3;8617;1490,72;10157,88889;0;0;0
3;8617;648;10750,3375;0;0;0
3;8617;482,16;15081,11111;0;0;0
3;8617;952,5;12334;0;0;0
3;8617;219,2;15344,44444;0;0;0
3;8617;815,55;11784,85;0;0;0
3;8617;219,84;9226,444444;0;0;0
3;8617;742,5;11233,25;0;0;0
3;8617;694,4;13245,55556;0;0;0
3;8617;687;8904,875;0;0;0
3;8617;462,4;12308,88889;0;0;0
3;8617;2164,5;9325,75;0;0;0
3;8617;963,68;3507,333333;0;0;0
3;8617;913,2;12786,9;0;0;0
3;8617;382,88;15240,44444;0;0;0
3;8617;2034;3188,4125;0;0;0
3;8617;701,84;10030,11111;0;0;0
3;8617;2221,35;9701,65;0;0;0
3;8617;585,2;15260,66667;0;0;0
3;8617;1213,95;14707,4375;0;0;0
3;8617;369,2;14290,77778;0;0;0
3;8617;1033,5;14615,125;0;0;0
3;8617;1501,6;28,88888889;0;0;0
3;8617;721,5;12487,125;0;0;0
3;8617;932,8;16360;0;0;0
3;8617;4594,5;70;0;0;0
3;8617;1242,48;528,8888889;0;0;0
3;8617;1714,2;3675,4375;0;0;0
3;8617;617,92;15364;0;0;0
3;8617;915;13650;0;0;0
3;8617;596,8;11604,44444;0;0;0
3;8617;1648,05;9668,8375;0;0;0
3;8617;649,44;12974,88889;0;0;0
3;8617;1023,15;7975,8;0;0;0
3;8617;728;16659,77778;0;0;0
3;8617;1444,95;11015,025;0;0;0
3;8617;572,96;15133,77778;0;0;0
3;8617;648,75;9588,95;0;0;0
3;8617;257,2;16005,55556;0;0;0
3;8617;1020;12278;0;0;0
3;8617;407,76;14006;0;0;0
3;8617;895,05;12852,175;0;0;0
3;8617;451,2;15284,44444;0;0;0
3;8617;963;12011,125;0;0;0
3;8617;819;10077,375;0;0;0
3;8617;753,68;522;0;0;0
3;8617;3170,4;2776,4625;0;0;0
3;8617;866,8;11250,33333;0;0;0
3;8617;1224,6;9886,275;0;0;0
3;8617;370,4;16163,66667;0;0;0
3;8617;799,5;10171;0;0;0
3;8617;361,6;15525,55556;0;0;0
3;8617;826,5;11190,375;0;0;0
3;8617;173,6;14681,11111;0;0;0
3;8617;621,6;12826,7125;0;0;0
3;8617;257,36;13067,66667;0;0;0
3;8617;612;10421,25;0;0;0
3;8617;78,4;14774,44444;0;0;0
3;8617;742,5;9223,375;0;0;0
3;8617;707,68;512,2222222;0;0;0
3;8617;1206,9;11633,825;0;0;0
3;8617;474,56;15327,33333;0;0;0
3;8617;685,5;7697,375;0;0;0
3;8617;362,4;15127,77778;0;0;0
3;8617;551,1;12525,1;0;0;0
3;8617;628,8;15061,11111;0;0;0
3;8617;14865,9;159831,35;0;0;0
3;8617;11385;140959,175;0;0;0
3;8617;5408,72;180433,2222;0;0;0
3;8617;9819;120627,5;0;0;0
3;8617;588,8;49736,66667;0;0;0
3;8617;8506,5;132187,125;0;0;0
3;8617;5489,36;155371,4444;0;0;0
3;8617;18021;122920,35;0;0;0
3;8617;6132;186572,2222;0;0;0
3;8617;848,8;14985,55556;0;0;0
3;8617;1320;10791,55;0;0;0
3;8617;516,24;14972,33333;0;0;0
3;8617;733,35;11486,825;0;0;0
3;8617;436;10436,66667;0;0;0
3;8617;590,4;11760;0;0;0
3;8617;82,5;0,875;0;0;0
3;8617;1437,12;242;0;0;0
3;8617;1667,4;358,6625;0;0;0
3;8617;1612,24;13715,22222;0;0;0
3;8617;1812,9;8911,525;0;0;0
3;8617;1013,36;10341,33333;0;0;0
3;8617;1236,45;12987,975;0;0;0
3;8617;304,72;14597;0;0;0
3;8617;1005;13659,8;0;0;0
3;8617;478,08;11401,11111;0;0;0
3;8617;938,25;12311,6;0;0;0
3;8617;429,68;14758,55556;0;0;0
3;8617;856,8;10408,0375;0;0;0
3;8617;11880;124454,75;0;0;0
3;8617;562,4;14624,44444;0;0;0
3;8617;897;9903,25;0;0;0
3;8617;492;14728,88889;0;0;0
3;8617;627;10599,75;0;0;0
3;8617;611,2;11784,44444;0;0;0
3;8617;718,5;13794,375;0;0;0
3;8617;808,64;15839,11111;0;0;0
3;8617;1438,2;356,125;0;0;0
3;8617;531,2;13603,33333;0;0;0
3;8617;670,35;11455,2375;0;0;0
3;8617;523,6;14452,55556;0;0;0
3;8617;493,5;7452,375;0;0;0
3;8617;354,72;17753,55556;0;0;0
3;8617;579;13152,125;0;0;0
3;8617;394,4;17998,88889;0;0;0
3;8617;300;12940,375;0;0;0
3;8617;301,6;14643,33333;0;0;0
3;8617;564;10136,875;0;0;0
3;8617;497,6;19240;0;0;0
3;8617;802,5;8446,375;0;0;0
3;8617;516,8;14322,22222;0;0;0
3;8617;894;12964;0;0;0
3;8617;224,8;15973,33333;0;0;0
3;8617;2280;168,35;0;0;0
3;8617;681,6;439,2222222;0;0;0
3;8617;747,45;4063,4125;0;0;0
3;8617;1028,64;4379,111111;0;0;0
3;8617;1575,9;9676,3625;0;0;0
3;8617;425,04;16228,44444;0;0;0
3;8617;971,85;10066,6125;0;0;0
3;8617;380,48;13839,33333;0;0;0
3;8617;732,45;11574,5875;0;0;0
3;8617;260;14054,44444;0;0;0
3;8617;1446;12258,75;0;0;0
3;8617;912;11306,75;0;0;0
3;8617;268;14137,77778;0;0;0
3;8617;600;10912,125;0;0;0
3;8617;568;11964,44444;0;0;0
3;8617;1918,5;8827;0;0;0
3;8617;563,2;15555,55556;0;0;0
3;8617;3834;137,4625;0;0;0
3;8617;431,12;14818,88889;0;0;0
3;8617;504;13670,125;0;0;0
3;8617;853,6;12494,44444;0;0;0
3;8617;1507,5;12735,625;0;0;0
3;8617;558,32;500,8888889;0;0;0
3;8617;973,35;10990,35;0;0;0
3;8617;834,96;15704,33333;0;0;0
3;8617;849;11690,875;0;0;0
3;8617;479,44;13146,66667;0;0;0
3;8617;1176,3;11176,725;0;0;0
3;8617;533,28;14053,66667;0;0;0
3;8617;16467;124416,25;0;0;0
3;8617;6594,56;184013,2222;0;0;0
3;8617;157,6;13311,11111;0;0;0
3;8617;528;12432,875;0;0;0
3;8617;1595,12;1506,444444;0;0;0
3;8617;838,65;11483,15;0;0;0
3;8617;434,24;15784,88889;0;0;0
3;8617;909;8791,125;0;0;0
3;8617;488,8;15066,66667;0;0;0
3;8617;794,1;10850,4375;0;0;0
3;8617;281,6;7483,333333;0;0;0
3;8617;937,5;11297,125;0;0;0
3;8617;481,6;13924,44444;0;0;0
3;8617;1062;12121,375;0;0;0
3;8617;455,2;15827,77778;0;0;0
3;8617;823,5;11284,7875;0;0;0
3;8617;622,88;14870,33333;0;0;0
3;8617;554,25;11055,7125;0;0;0
3;8617;382,48;15402,11111;0;0;0
3;8617;853,5;12247,375;0;0;0
3;8617;450,64;15523,11111;0;0;0
3;8617;1341;353,0625;0;0;0
3;8617;185,6;6884,444444;0;0;0
3;8617;3639,75;225,925;0;0;0
3;8617;5134,96;185693,2222;0;0;0
3;8617;4480;174703,3333;0;0;0
3;8617;21631,2;10605,875;0;0;0
3;8617;19505,4;62114,85;0;0;0
3;8617;5929,6;171968,8889;0;0;0
3;8617;21934,95;1087,5375;0;0;0
3;8617;4428,96;178178,5556;0;0;0
3;8617;552,8;17045,55556;0;0;0
3;8617;589,5;11813,375;0;0;0
3;8617;1063,52;344,8888889;0;0;0
3;8617;663;9268;0;0;0
3;8617;173,6;16550;0;0;0
3;8617;835,2;11284,2625;0;0;0
3;8617;1283,28;4115,222222;0;0;0
3;8617;688,5;9830,275;0;0;0
3;8617;292,48;16038,22222;0;0;0
3;8617;995,4;12296,025;0;0;0
3;8617;856,88;15767,33333;0;0;0
3;8617;1012,35;12149,2;0;0;0
3;8617;780,8;14267,77778;0;0;0
3;8617;943,95;13375,8625;0;0;0
18;8602;0;2,1;0;0;0
18;8602;0;10,14444444;0;0;0
18;8602;26,92;15,71111111;0;0;0
18;8602;53,04;4,688888889;0;0;0
18;8602;23,768;16,86666667;0;0;0
18;8602;18;44,625;0;0;0
18;8602;0;5,344444444;0;0;0
18;8602;0;52,49125;0;0;0
18;8602;329,592;24,47777778;0;0;0
18;8602;239,184;33,34444444;0;0;0
18;8602;0;193,3222222;0;0;0
18;8602;0;15,37777778;0;0;0
18;8602;0;10,45555556;0;0;0
18;8602;0;2,1525;0;0;0
18;8602;21,392;9,377777778;0;0;0
18;8602;9,6;61,11111111;0;0;0
18;8602;0;4,111111111;0;0;0
18;8602;0;4,87375;0;0;0
18;8602;11,2;64,44444444;0;0;0
18;8602;19,5;52,5;0;0;0
18;8602;11,2;47,77777778;0;0;0
18;8602;28,2;1,7325;0;0;0
18;8602;0;10,84444444;0;0;0
18;8602;0;2,5375;0;0;0
18;8602;0;2,3275;0;0;0
18;8602;30,088;8,822222222;0;0;0
18;8602;27,976;5,122222222;0;0;0
18;8602;16,83;0,07;0;0;0
18;8602;29,832;4,933333333;0;0;0
18;8602;0;17,52222222;0;0;0
18;8602;0;4,8475;0;0;0
18;8602;0;10,45555556;0;0;0
18;8602;18;48,125;0;0;0
18;8602;2,96;5,055555556;0;0;0
18;8602;0;7,5075;0;0;0
18;8602;12,8;74,44444444;0;0;0
18;8602;9,24;3,92875;0;0;0
18;8602;0;2,275;0;0;0
18;8602;0;18,10375;0;0;0
18;8602;0;2,833333333;0;0;0
18;8602;82,65;20,39625;0;0;0
18;8602;48,56;9,722222222;0;0;0
18;8602;0;15,54444444;0;0;0
18;8602;14;9,188888889;0;0;0
18;8602;292,485;104,1425;0;0;0
18;8602;41,6;882,2222222;533,75;685,8333333;59,0625
18;8602;364,5;92,75875;0;0;0
18;8602;49,5;64,75;353,3333333;134,4;25,33333333
18;8602;23,2;181,1111111;303,75;158,3333333;32,8125
18;8602;85,5;110,25;617,3333333;228;44
18;8602;68;297,7777778;0;0;0
18;8602;0;26,25875;0;0;0
18;8602;0;195,5444444;0;0;0
18;8602;60;378,8888889;0;0;0
18;8602;411,992;132,2333333;0;0;0
18;8602;54,93;5,53;0;0;0
18;8602;40,08;3,08;0;0;0
18;8602;7,02;3,71875;0;0;0
18;8602;4;21,11111111;0;0;0
18;8602;21;39,375;0;0;0
18;8602;0;17,52222222;0;0;0
18;8602;16,104;1,722222222;0;0;0
18;8602;32,67;2,9225;0;0;0
18;8602;9,776;8,888888889;0;0;0
18;8602;0;39,04444444;0;0;0
18;8602;19,785;0,385;0;0;0
18;8602;40,92;8,522222222;0;0;0
18;8602;27,24;7,8225;0;0;0
18;8602;13,6;77,77777778;0;0;0
18;8602;24;55,125;0;0;0
18;8602;5,6;31,11111111;0;0;0
18;8602;38,625;9,31875;0;0;0
18;8602;32,175;14,90125;0;0;0
18;8602;0;8,566666667;0;0;0
18;8602;0;3,9375;0;0;0
18;8602;0;3,955555556;0;0;0
18;8602;18,795;0,3675;0;0;0
18;8602;7,656;0,344444444;0;0;0
18;8602;0;2,4325;0;0;0
18;8602;31,68;1,39125;0;0;0
18;8602;28;19,97777778;0;0;0
18;8602;0,8;192,2222222;1,25;140;0,9375
18;8602;31,152;4,911111111;0;0;0
18;8602;12;51,11111111;0;0;0
18;8602;0;26,01375;0;0;0
18;8602;0;3,088888889;0;0;0
18;8602;0;2,835;0;0;0
18;8602;0;4,19125;0;0;0
18;8602;12,816;18,53333333;0;0;0
18;8602;0;5,233333333;0;0;0
18;8602;52,455;1,89;0;0;0
18;8602;0;1,925;0;0;0
18;8602;0;0,388888889;0;0;0
18;8602;21;49,875;0;0;0
18;8602;0;3,222222222;0;0;0
18;8602;17,16;8,544444444;0;0;0
18;8602;0;29,295;0;0;0
18;8602;136,5;321,125;0;0;0
18;8602;127,5;346,5;0;0;0
18;8602;0;76,66666667;0;0;0
18;8602;0;2,835;0;0;0
18;8602;16;118,8888889;211,25;105,8333333;22,5
18;8602;0;5,955555556;0;0;0
18;8602;0;9,522222222;0;0;0
18;8602;19,5;65,625;0;0;0
18;8602;19,792;0,9;0;0;0
18;8602;43,816;24,61111111;0;0;0
18;8602;114,315;11,40125;0;0;0
18;8602;0,8;208,8888889;15;150;1,875
18;8602;0;2,144444444;0;0;0
18;8602;22,5;40,25;0;0;0
18;8602;0;15,71111111;0;0;0
18;8602;0;4,0775;0;0;0
18;8602;59,35935443;76,95944045;0;156,8740669;30,49934717
18;8602;1,5498;270,2583333;0;197,7057015;2,099620665
18;8602;0,573125;190,3252604;0;252,7208791;0,294476557
18;8602;0,168;263,7666667;0;191,3375778;0,227601156
18;8602;31,9464;245,2433333;0;216,1836587;43,27998555
18;8602;8,46;5857,971;0;7769,93906;4,346820809
18;8602;100,5093232;128,233292;0;262,8723487;51,64255526
18;8602;54,20146667;1168,005648;0;911,6524202;73,4304552
18;8602;15,2;86,66666667;0;0;0
18;8602;0;6,455555556;0;0;0
18;8602;81,15;2,14375;0;0;0
18;8602;21,12;0,533333333;0;0;0
18;8602;0;8,02375;0;0;0
18;8602;0;5,022222222;0;0;0
18;8602;25,072;4,588888889;0;0;0
18;8602;28,2;17,71111111;0;0;0
18;8602;21,94665;65,10965278;0;73,60991793;29,73263638
18;8602;4,512;7438,693333;0;5395,791014;6,112716763
18;8602;37,93425;115,805375;0;188,5318154;19,49094412
18;8602;0;1,677777778;0;0;0
18;8602;25,245;2,45;0;0;0
18;8602;0;11,86666667;0;0;0
18;8602;17,82;0,74375;0;0;0
18;8602;17,168;10,3;0;0;0
18;8602;0;4,288888889;0;0;0
18;8602;0;2,5375;0;0;0
18;8602;0;3,344444444;0;0;0
18;8602;23,265;0,84;0;0;0
18;8602;0;6,455555556;0;0;0
18;8602;18;49;0;0;0
18;8602;2,97;1,1025;0;0;0
18;8602;0;2,80875;0;0;0
18;8602;102,915;2,56375;0;0;0
18;8602;0;3,185;0;0;0
18;8602;0;15,93375;0;0;0
18;8602;13,208;5,022222222;0;0;0
18;8602;12;75,55555556;0;0;0
18;8602;21;39,375;0;0;0
18;8602;0;63,8;0;0;0
18;8602;40,095;1,60125;0;0;0
18;8602;18,144;13,73333333;0;0;0
18;8602;5,175;1,19;0;0;0
18;8602;19,2;57,77777778;247,5;65;26,25
18;8602;14,4;77,77777778;0;0;0
18;8602;61,224;4,3;0;0;0
18;8602;38,595;3,6225;0;0;0
18;8602;33,256;7,744444444;0;0;0
18;8602;22,29;2,9225;0;0;0
18;8602;18,344;11,54444444;0;0;0
18;8602;9,6;74,44444444;0;0;0
18;8602;29,58;14,00875;0;0;0
18;8602;27,21;1,715;0;0;0
18;8602;0;2,75625;0;0;0
18;8602;18,224;5,688888889;0;0;0
3;8617;1568,8;9246,666667;0;0;0
3;8617;1929;12594,75;0;0;0
3;8617;592,5;10901,625;0;0;0
3;8617;351,2;12455,55556;0;0;0
3;8617;825;11991,875;0;0;0
3;8617;107,2;9052,222222;0;0;0
3;8617;2139,15;22133,3875;0;0;0
3;8617;1626,75;13497,1375;0;0;0
3;8617;405,6;16243,11111;0;0;0
3;8617;1026,3;10679,025;0;0;0
3;8617;728,24;12659,88889;0;0;0
3;8617;1245,45;11728,675;0;0;0
3;8617;417,04;16447,66667;0;0;0
3;8617;1252,5;11123,875;0;0;0
3;8617;159,2;13434,44444;0;0;0
18;8602;11,608;0,533333333;0;0;0
18;8602;9,6;58,88888889;0;0;0
18;8602;0,8;181,1111111;2,5;131,6666667;0,9375
18;8602;0;2,75625;0;0;0
18;8602;0;16,18888889;0;0;0
18;8602;9,6;60;0;0;0
18;8602;19,5;37,625;0;0;0
18;8602;0;15,37777778;0;0;0
18;8602;26,745;11,64625;0;0;0
18;8602;0;8,577777778;0;0;0
2;8618;56;447,7777778;690;362,5;73,125
171;8449;35,2;3,333333333;441,25;43,33333333;45,9375
171;8449;52,5;0,875;350,6666667;48;26
171;8449;45,6;4,444444444;631,25;56,66666667;60
171;8449;54,4;5,555555556;712,5;68,33333333;72,1875
171;8449;52,8;5,555555556;717,5;65,83333333;70,3125
171;8449;38,4;7,777777778;371,25;50,83333333;50,625
171;8449;43,2;23,33333333;888,75;67,5;57,1875
171;8449;2,4;1,111111111;0;0;0
171;8449;75,2;10;1010;95;98,4375
171;8449;105;3,5;810,6666667;98,4;52
171;8449;91,5;14,875;1004;100,8;45,33333333
171;8449;6;0,875;0;0;0
171;8449;17,92;0;0;0;0
171;8449;18,75;0,525;0;0;0
171;8449;6,48;0,333333333;0;0;0
171;8449;6,4;0;0;0;0
171;8449;17,6;1,111111111;218,75;21,66666667;23,4375
171;8449;15,2;4,444444444;197,5;21,66666667;20,625
171;8449;84;17,5;1198,666667;98,4;42
171;8449;7,2;0;0;0;0
171;8449;3,2;1,111111111;0;0;0
171;8449;12;0,35;0;0;0
171;8449;13,6;0;0;0;0
171;8449;15;0;0;0;0
171;8449;36;5,555555556;477,5;46,66666667;47,8125
